{
 "params": {
  "T": 14,
  "reps": 40,
  "seed": 11
 },
 "fixed_points": {
  "relu_sw2.0_sb0.0": {
   "qstar": 1.0,
   "qhat": 2.0,
   "chi1": 1.0,
   "phase": "critical",
   "marginal": true
  },
  "relu_sw1.0_sb0.0": {
   "qstar": 5.684341886078854e-14,
   "qhat": 5.684341886078854e-14,
   "chi1": 0.5,
   "phase": "ordered",
   "marginal": false
  },
  "tanh_sw1.5_sb0.05": {
   "qstar": 0.24535813368908715,
   "qhat": 0.41803720053363075,
   "chi1": 0.9386362681987541,
   "phase": "ordered",
   "marginal": false
  },
  "tanh_sw3.0_sb0.05": {
   "qstar": 0.45933615406549605,
   "qhat": 1.4280084621964881,
   "chi1": 1.2089344240647217,
   "phase": "chaotic",
   "marginal": false
  },
  "erf_sw1.0_sb0.05": {
   "qstar": 0.0665997738870816,
   "qhat": 0.1165997738870816,
   "chi1": 0.5732755828807229,
   "phase": "ordered",
   "marginal": false
  },
  "gelu_sw1.5_sb0.05": {
   "qstar": 0.02512260311782441,
   "qhat": 0.08768390467673662,
   "chi1": 0.4461973860059361,
   "phase": "ordered",
   "marginal": false
  },
  "swish_sw1.6_sb0.05": {
   "qstar": 0.023033420404706823,
   "qhat": 0.08685347264753092,
   "chi1": 0.43199792003877885,
   "phase": "ordered",
   "marginal": false
  },
  "sin_sw1.0_sb0.1": {
   "qstar": 0.2533802881124918,
   "qhat": 0.3533802881124918,
   "chi1": 0.746619711887543,
   "phase": "ordered",
   "marginal": false
  }
 },
 "tracking": {
  "250": {
   "q": [
    0.24535813368908718,
    0.24742042240200735,
    0.24803638176693696,
    0.24446843304776494,
    0.2377807714983134,
    0.23608960894878495,
    0.24101499206715343,
    0.23908512705750065,
    0.2391988301636087,
    0.238994288347613,
    0.23752861946854514,
    0.23755067932960663,
    0.23777966192790329,
    0.23331180875596083,
    0.23737151545371563
   ],
   "c": [
    0.20000000000000012,
    0.28525590667077355,
    0.3597703455627707,
    0.4136529387066112,
    0.4577892483534628,
    0.5083188568180109,
    0.5482496300220614,
    0.5819229827984258,
    0.6269257302937103,
    0.651782783045482,
    0.6805896530418405,
    0.6950437756631825,
    0.7172033054779868,
    0.7382190004588725,
    0.7533700882985754
   ],
   "dq": 0.012046324933020186,
   "dc": 0.03970601226623982
  },
  "500": {
   "q": [
    0.24535813368908715,
    0.2456980972566644,
    0.2439177189159035,
    0.24517194739464543,
    0.24331169109092596,
    0.24318051783274774,
    0.24210879694247006,
    0.24512785179217453,
    0.24461385141138706,
    0.2455689448425852,
    0.2459908620299633,
    0.24548976103199807,
    0.2466811121008797,
    0.2495676276583247,
    0.25074149529218215
   ],
   "c": [
    0.20000000000000012,
    0.297314816703701,
    0.3681030423069051,
    0.4355741008662183,
    0.4849035393758889,
    0.539996748403199,
    0.5838763136933484,
    0.6186274154878146,
    0.6490469465103451,
    0.6762761431724429,
    0.7030855101649935,
    0.7262940820851207,
    0.7486087070884493,
    0.7673884679613401,
    0.7864014838655417
   ],
   "dq": 0.005383361603201131,
   "dc": 0.009717419354609846
  },
  "1000": {
   "q": [
    0.24535813368908718,
    0.24527812914492259,
    0.24306226762671965,
    0.24544145541339005,
    0.24486355812302682,
    0.24681055172392163,
    0.24745224160367596,
    0.24668618942639461,
    0.24566855019560335,
    0.24563316138039043,
    0.24624185752840805,
    0.2455691171180588,
    0.2445336842479276,
    0.24339504751181149,
    0.24310124312426845
   ],
   "c": [
    0.20000000000000012,
    0.285970383709978,
    0.3583755759146025,
    0.4340495173564366,
    0.48899678641193856,
    0.538883012969606,
    0.5811541740316203,
    0.6187607989721556,
    0.6504396572638856,
    0.6788559919081127,
    0.7065378416232064,
    0.7266350409018972,
    0.7503300188490638,
    0.7694214759953124,
    0.7893726247788548
   ],
   "dq": 0.0022958660622937055,
   "dc": 0.007097413850153944
  },
  "2000": {
   "q": [
    0.24535813368908715,
    0.24490460075563644,
    0.24419033005367666,
    0.24483874700351155,
    0.24468122802474115,
    0.24637296035387335,
    0.2457334698325869,
    0.24639595251511265,
    0.24659214853478187,
    0.24574355643197285,
    0.2470800742320159,
    0.2474707490349067,
    0.24703385424298685,
    0.24718127461135256,
    0.24641022551129454
   ],
   "c": [
    0.20000000000000012,
    0.2902975715332152,
    0.36459125782237717,
    0.4312463918726128,
    0.48808657237351244,
    0.5394123139967519,
    0.5820589143043204,
    0.6157752963502254,
    0.6505912802909594,
    0.6809039352949154,
    0.707724282454316,
    0.735237294817588,
    0.7581239242507778,
    0.7773586420737558,
    0.7950441029800561
   ],
   "dq": 0.002112615345925578,
   "dc": 0.004088981980980733
  }
 },
 "critical": {
  "fit_power": -1.9686233088312988,
  "ratio_end": 0.9943816187459605,
  "angle_ratio_t50": 0.8198318457757566,
  "angle_ratio_t500": 0.9722228298758746
 },
 "ordered": {
  "geom_rate": 0.5732754291239217,
  "chi1": 0.5732755828807229,
  "xi_c": 1.7973045557405503
 },
 "one_vs_many": {
  "relu_c0": 0.1,
  "relu_depth_to_0p9": 13,
  "tanh_chi1": 0.9386362681987541,
  "tanh_max_gap": 0.16144373840432136,
  "tanh_depth_true": 25,
  "tanh_depth_surrogate": 35
 }
}