{
 "qstar": 0.24535813368909193,
 "T": 12,
 "reps": 12,
 "rows": [
  {
   "N": 1024,
   "tied_indep": 0.00778345719288398,
   "cos_mf": 0.012597244258304552,
   "q_mf": 0.0042892669116611215
  },
  {
   "N": 2048,
   "tied_indep": 0.018856915939758245,
   "cos_mf": 0.007023837194466642,
   "q_mf": 0.002341827200176755
  },
  {
   "N": 4096,
   "tied_indep": 0.007241242302229889,
   "cos_mf": 0.006875803692633742,
   "q_mf": 0.0026099594229914425
  },
  {
   "N": 8192,
   "tied_indep": 0.013397803111451334,
   "cos_mf": 0.005434435635570223,
   "q_mf": 0.0017659305691625493
  }
 ]
}